BranchCode,JNo,JRevise,ConfirmDate,CPolicyCode,DocDate,CustCode,CustBranch,CustContactName,QNo,Revise,ManagerCode,CSCode,Description,TRemark,JobStatus,JobType,ShipBy,InvNo,InvTotal,InvProduct,InvCountry,InvFCountry,InvInterPort,InvProductQty,InvProductUnit,InvCurUnit,InvCurRate,ImExDate,BLNo,BookingNo,ClearPort,ClearPortNo,ClearDate,LoadDate,ForwarderCode,AgentCode,VesselName,ETDDate,ETADate,ETTime,FNetPrice,BNetPrice,CancelReson,CancelDate,CancelTime,CancelProve,CancelProveDate,CancelProveTime,CloseJobDate,CloseJobTime,CloseJobBy,DeclareType,DeclareNumber,DeclareStatus,TyAuthorSp,Ty19BIS,TyClearTax,TyClearTaxReson,EstDeliverDate,EstDeliverTime,TotalContainer,DutyDate,DutyAmount,DutyCustPayOther,DutyCustPayChqAmt,DutyCustPayBankAmt,DutyCustPayEPAYAmt,DutyCustPayCardAmt,DutyCustPayCashAmt,DutyCustPayOtherAmt,DutyLtdPayOther,DutyLtdPayChqAmt,DutyLtdPayEPAYAmt,DutyLtdPayCashAmt,DutyLtdPayOtherAmt,ConfirmChqDate,ShippingEmp,ShippingCmd,TotalGW,GWUnit,TSRequest,ShipmentType,ReadyToClearDate,Commission,CommPayTo,ProjectName,MVesselName,TotalNW,Measurement,CustRefNO,TotalQty,HAWB,MAWB
00,0701-00002-DT,0,2007-01-03 00:00:00,DOMISTIC,2007-01-03 00:00:00,KET,00,Mr. Songrit Thipratsoontorn / Manager Material Dep,Q-KGM-49-0022,0,300,310, ,,3,99,3,KETE070104,430528.32000000001,PRINTED CIRCUIT BOARD,TH,,,22,CTN,THB,1,2007-01-03 00:00:00,,,-,0503,,2007-01-03 00:00:00,2007-01-03 00:00:00,,,,2007-01-03 00:00:00,2007-01-03 00:00:00,1900-01-01 00:00:00,,0,,1900-01-01 00:00:00,1900-01-01 00:00:00,,1900-01-01 00:00:00,1900-01-01 00:00:00,2007-01-11 00:00:00,1900-01-01 16:41:14,403,211,05031015000058,,,,,,1900-01-01 00:00:00,1900-01-01 00:00:00,1xSHP,2007-01-03 00:00:00,0,,0,0,0,0,,0,,0,0,0,0,1900-01-01 00:00:00,,,191.40000000000001,KGM,0,0,2007-01-03 00:00:00,0,,EX,,158.40000000000001,,,,,
00,0701-00003-IS,0,2006-12-29 00:00:00,JCP-IS01,2007-01-03 00:00:00,MIYUKI,00,Mr.Maekawa / President,Q-KGM-06-0049,0,300,406, ,Effective from formality date Aug 7,2006,3,1,2,MYK-350,312500,FIBER CAST & CARBON ROD,JP,JP,NG,1,BOX,JPY,0,2007-01-03 00:00:00,NYKS180337880,,2801,LCB 4,2007-01-03 00:00:00,1900-01-01 00:00:00,,NYK,ACX PLUMERIA (020W),2006-12-27 00:00:00,2007-01-03 00:00:00,1900-01-01 00:00:00,,0,,1900-01-01 00:00:00,1900-01-01 00:00:00,,1900-01-01 00:00:00,1900-01-01 00:00:00,2007-01-16 00:00:00,1900-01-01 21:19:11,403,610,2801-00150-00410,G,CB,,TX,,2007-01-06 00:00:00,1900-01-01 00:00:00,1xLCL,2007-01-05 00:00:00,11818,,0,0,0,0,,0,,0,0,0,0,1900-01-01 00:00:00,,,290,KGM,0,2,2007-01-05 00:00:00,0,,,,225,0.734,,,,
00,0701-00004-IT,0,2007-01-03 00:00:00,JCP-05,2007-01-03 00:00:00,CEI,00,,,0,,317, ,,3,1,4,I-108117(02),4087.5,LEAD WIRE,MY,,KG,2,PLT,USD,0,2007-01-03 00:00:00,IPRLPK7500101 K  ลาดกระบัง 4,,,,1900-01-01 00:00:00,1900-01-01 00:00:00,,PF,ARX EXPRESS III V.N773,2006-12-29 00:00:00,2007-01-01 00:00:00,1900-01-01 00:00:00,,0,,1900-01-01 00:00:00,1900-01-01 00:00:00,,1900-01-01 00:00:00,1900-01-01 00:00:00,2007-01-22 00:00:00,1900-01-01 18:30:52,200,110,0321-00150-00385,G,,,,,1900-01-01 00:00:00,1900-01-01 00:00:00,1xLCL,2007-01-05 00:00:00,0,,0,0,0,0,,0,,0,0,0,0,1900-01-01 00:00:00,,,579,KGM,0,2,1900-01-01 00:00:00,0,,,,0,1.826,,,,
00,0701-00005-ES,0,2007-01-03 00:00:00,JCP-04,2007-01-03 00:00:00,CBP,00,,,0,,304, ,,3,2,2,CBP07002,32996,STP CARB SPRAY SIZE 500ML.,HK,HK,HK,20,PLT,USD,0,2007-01-03 00:00:00,,,LCN91856,0201,,2007-01-03 00:00:00,2007-01-03 00:00:00,PILOT,NYK,OOCL SAN FRANCISCO V.45E01,2007-01-05 00:00:00,2007-01-09 00:00:00,1900-01-01 00:00:00,,0,,1900-01-01 00:00:00,1900-01-01 00:00:00,,1900-01-01 00:00:00,1900-01-01 00:00:00,2007-01-23 00:00:00,1900-01-01 14:29:36,200,,0201-10150-00009,,,,,,1900-01-01 00:00:00,1900-01-01 00:00:00,1x20F,2007-01-03 00:00:00,0,,0,0,0,0,,0,,0,0,0,0,1900-01-01 00:00:00,,,18480,KGM,0,0,2007-01-03 00:00:00,0,,,-,17360,,,,,
00,0701-00006-IS,0,2007-01-03 00:00:00,JCP-IS01,2007-01-03 00:00:00,MURAI,00,,,0,,317, ,,3,1,2,KM0612004,1539796,MOTOR PART,JP,,NG,4,PLT,JPY,0,2007-01-03 00:00:00,,,,,,1900-01-01 00:00:00,1900-01-01 00:00:00,,PILOT,FREMANTLE BRIDGE V.A137S,2006-12-29 00:00:00,2007-01-06 00:00:00,1900-01-01 00:00:00,,0,,1900-01-01 00:00:00,1900-01-01 00:00:00,,1900-01-01 00:00:00,1900-01-01 00:00:00,2007-01-16 00:00:00,1900-01-01 09:23:38,200,100,0101-00150-01524,G,,,TX,,1900-01-01 00:00:00,1900-01-01 00:00:00,1xLCL,2007-01-09 00:00:00,0,,0,0,0,0,,0,,0,0,0,0,1900-01-01 00:00:00,,,2971,KGM,0,2,1900-01-01 00:00:00,0,,,,0,6.316,,,,
00,0701-00007-IS,0,2007-01-03 00:00:00,JCP-IS01,2007-01-03 00:00:00,MEATH,00,,,0,,317, ,,3,1,2,264485,4681640,BRASS WIRE,JP,,KB,6,PKG,JPY,0,2007-01-03 00:00:00,,,,,,1900-01-01 00:00:00,1900-01-01 00:00:00,,FLK,PHUKET BRIDGE V.B108S,2006-01-29 00:00:00,2007-01-07 00:00:00,1900-01-01 00:00:00,,0,,1900-01-01 00:00:00,1900-01-01 00:00:00,,1900-01-01 00:00:00,1900-01-01 00:00:00,2007-01-18 00:00:00,1900-01-01 17:00:53,200,100,0102-00150-02133,G,,,TX,,1900-01-01 00:00:00,1900-01-01 00:00:00,1xLCL,2007-01-10 00:00:00,0,,0,0,0,0,,0,,0,0,0,0,1900-01-01 00:00:00,,,3488,KGM,0,2,1900-01-01 00:00:00,0,,,,0,4.149,,,,
00,0701-00008-IS,0,2007-01-03 00:00:00,JCP-IS01,2007-01-03 00:00:00,MEATH,00,,,0,,317, ,,3,1,2,K061219,28150.360000000001,ZN-MPP FILM,KR,,BS,8,CTN,USD,0,2007-01-03 00:00:00,HASL0260DC6D253 I  # 11 T.1,,,,1900-01-01 00:00:00,1900-01-01 00:00:00,,KCN,VIVIEN A V.074S,2006-12-21 00:00:00,2006-12-30 00:00:00,1900-01-01 00:00:00,,0,,1900-01-01 00:00:00,1900-01-01 00:00:00,,1900-01-01 00:00:00,1900-01-01 00:00:00,2007-01-10 00:00:00,1900-01-01 11:32:39,200,100,0101-00150-00370,G,,,TX,,1900-01-01 00:00:00,1900-01-01 00:00:00,1xLCL,2007-01-05 00:00:00,0,,0,0,0,0,,0,,0,0,0,0,1900-01-01 00:00:00,,,3330,KGM,0,2,1900-01-01 00:00:00,0,,,,0,10.84,,,,
00,0701-00009-IS,0,2001-07-03 00:00:00,JCP-IS01,2007-01-03 00:00:00,MEATH,00,,,0,,317, ,,4,1,2,TBG2292,2494018,CAPACITOR,JP,,YOK,73,CTN,JPY,0,2007-01-03 00:00:00,YOWB1294137 C  # 15 T.1,,,,1900-01-01 00:00:00,1900-01-01 00:00:00,,SON,RATANA THIDA V.184S,2006-12-23 00:00:00,2006-12-30 00:00:00,1900-01-01 00:00:00,,0,,1900-01-01 00:00:00,1900-01-01 00:00:00,,1900-01-01 00:00:00,1900-01-01 00:00:00,2007-01-12 00:00:00,1900-01-01 13:27:37,403,100,0104-00150-00183,G,,,TX,,1900-01-01 00:00:00,1900-01-01 00:00:00,1xLCL,2007-01-05 00:00:00,0,,0,0,0,0,,0,,0,0,0,0,1900-01-01 00:00:00,,,1918,KGM,0,2,1900-01-01 00:00:00,0,,,,0,4.863,,,,
00,0701-00010-IA,1,2007-01-04 00:00:00,JCP-02,2007-01-03 00:00:00,XSYS,00,MR.THERDTHAM RATTANAPRATEEP / MANAGER / Ext.02-752,Q-KGM-06-0064,0,300,306, ,,3,1,1,11059508, 11059686,4091.1999999999998,PRINTING INK,US,US,,1,PLT,USD,0,2007-01-04 00:00:00,29754396112  (NSI200612300),,1190,,2007-01-04 00:00:00,1900-01-01 00:00:00,,,CI695,2006-12-27 00:00:00,2006-12-30 00:00:00,1900-01-01 00:00:00,,0,,1900-01-01 00:00:00,1900-01-01 00:00:00,,1900-01-01 00:00:00,1900-01-01 00:00:00,2007-01-09 00:00:00,1900-01-01 13:59:28,403,100,1190-00150-03266,G,CB,,TX,,2007-01-04 00:00:00,1900-01-01 00:00:00,1xAWB,2007-01-04 00:00:00,26683,,0,0,0,0,,0,,0,0,0,0,1900-01-01 00:00:00,,,501,KGM,0,2,1900-01-01 00:00:00,0,,,,0,,,,,
00,0701-00011-IS,0,2007-01-03 00:00:00,JCP-IS01,2007-01-03 00:00:00,MEATH,00,,,0,,317, ,,3,1,2,TBG2294,1946650,MATERIAL FOR CAPACITOR,JP,,KB,6,PKG,JPY,0,2007-01-03 00:00:00,KKLUJPTB202359  # 6 T.1,,,,1900-01-01 00:00:00,1900-01-01 00:00:00,,SON,MACTAN BRIDGE V.B107S,2006-12-23 00:00:00,2007-01-01 00:00:00,1900-01-01 00:00:00,,0,,1900-01-01 00:00:00,1900-01-01 00:00:00,,1900-01-01 00:00:00,1900-01-01 00:00:00,2007-01-10 00:00:00,1900-01-01 11:42:44,200,100,0104-00150-00191,G,,,TX,,1900-01-01 00:00:00,1900-01-01 00:00:00,1xLCL,2007-01-05 00:00:00,0,,0,0,0,0,,0,,0,0,0,0,1900-01-01 00:00:00,,,661,KGM,0,2,1900-01-01 00:00:00,0,,,,0,1.894,,,,
00,0701-00012-IS,0,2007-01-03 00:00:00,JCP-IS01,2007-01-03 00:00:00,TOEI,00,,,0,,302, ,,3,1,2,TEX-06383B,585452,CLEAN ROLL,KR,,BS,23,CTN,JPY,0,1900-01-01 00:00:00,DNALPUS061201232 E,,,,,2007-01-03 00:00:00,1900-01-01 00:00:00,BET,DON,MOL ADVENTURE  V.022S,2006-12-24 00:00:00,2007-01-02 00:00:00,1900-01-01 00:00:00,,0,,1900-01-01 00:00:00,1900-01-01 00:00:00,,1900-01-01 00:00:00,1900-01-01 00:00:00,2007-01-10 00:00:00,1900-01-01 10:54:10,202,610,28030015000019,G,,,,,1900-01-01 00:00:00,1900-01-01 00:00:00,1xLCL,2007-01-03 00:00:00,0,,0,0,0,0,,0,,0,0,0,0,1900-01-01 00:00:00,,,164.72,KGM,0,0,1900-01-01 00:00:00,0,,,,0,.700,,,,
00,0701-00013-IS,0,2007-01-03 00:00:00,JCP-IS01,2007-01-03 00:00:00,MEATH,00,,,0,,317, ,,3,1,2,TBG2293,1330470,MATERIAL FOR CAPACITOR,JP,,YOK,4,PLT,JPY,0,2007-01-03 00:00:00,YOWB1294137 D  # 15 T.1,,,,1900-01-01 00:00:00,1900-01-01 00:00:00,,SON,RATANA THIDA V.184S,2006-12-23 00:00:00,2006-12-30 00:00:00,1900-01-01 00:00:00,,0,,1900-01-01 00:00:00,1900-01-01 00:00:00,,1900-01-01 00:00:00,1900-01-01 00:00:00,2007-01-12 00:00:00,1900-01-01 13:52:10,200,100,0104-00150-00184,G,,,TX,,1900-01-01 00:00:00,1900-01-01 00:00:00,1xLCL,2007-12-05 00:00:00,0,,0,0,0,0,,0,,0,0,0,0,1900-01-01 00:00:00,,,1362,KGM,0,2,1900-01-01 00:00:00,0,,,,0,5.415,,,,
00,0701-00014-IS,0,2007-01-03 00:00:00,JCP-IS01,2007-01-03 00:00:00,MEATH,00,,,0,,317, ,,3,1,2,260534-3/260817-2F, 260787-2F/260851-2,1299374.6000000001,PARTS & RM FOR WH METER,JP,,KB,8,PKG,JPY,0,2007-01-03 00:00:00,,,,,,1900-01-01 00:00:00,1900-01-01 00:00:00,,NTL,PHUKET BRIDGE V.B108S,2006-12-28 00:00:00,2007-01-08 00:00:00,1900-01-01 00:00:00,,0,,1900-01-01 00:00:00,1900-01-01 00:00:00,,1900-01-01 00:00:00,1900-01-01 00:00:00,2007-01-22 00:00:00,1900-01-01 17:18:47,200,100,0102-00150-02135,G,,,TX,,1900-01-01 00:00:00,1900-01-01 00:00:00,1xLCL,2007-01-11 00:00:00,0,,0,0,0,0,,0,,0,0,0,0,1900-01-01 00:00:00,,,1201,KGM,0,2,1900-01-01 00:00:00,0,,,,0,1.034,,,,
00,0701-00015-IA,0,2007-01-03 00:00:00,JCP-02,2007-01-03 00:00:00,TOEI,00,,,0,,302, ,,3,1,1,TOEI(T)06-12-27,70650,PCB,JP,,TYO,1,CTN,JPY,0,1900-01-01 00:00:00,844264735310,,,,2007-01-03 00:00:00,1900-01-01 00:00:00,FEDEX,,FX5199,1900-01-01 00:00:00,2006-12-28 00:00:00,1900-01-01 00:00:00,,0,,1900-01-01 00:00:00,1900-01-01 00:00:00,,1900-01-01 00:00:00,1900-01-01 00:00:00,2007-01-15 00:00:00,1900-01-01 14:52:18,202,610,28030015000024,G,,,,,1900-01-01 00:00:00,1900-01-01 00:00:00,1xAWB,2007-01-03 00:00:00,0,,0,0,0,0,,0,,0,0,0,0,1900-01-01 00:00:00,,,4,KGM,0,0,1900-01-01 00:00:00,0,,,,0,,,,,
00,0701-00016-IA,0,2007-01-03 00:00:00,JCP-02,2007-01-03 00:00:00,TOEI,00,,,0,,302, ,,3,1,1,TEX-06388B,154500,PCB,JP,,YOK,1,CTN,JPY,0,1900-01-01 00:00:00,856317815573,,,,2007-01-03 00:00:00,1900-01-01 00:00:00,FEDEX,,FX5199,1900-01-01 00:00:00,2006-12-30 00:00:00,1900-01-01 00:00:00,,0,,1900-01-01 00:00:00,1900-01-01 00:00:00,,1900-01-01 00:00:00,1900-01-01 00:00:00,2007-01-15 00:00:00,1900-01-01 14:38:10,202,610,28030015000023,G,,,,,1900-01-01 00:00:00,1900-01-01 00:00:00,1xAWB,2007-01-03 00:00:00,0,,0,0,0,0,,0,,0,0,0,0,1900-01-01 00:00:00,,,11,KGM,0,0,1900-01-01 00:00:00,0,,,,0,,,,,
00,0701-00017-IA,0,2007-01-03 00:00:00,JCP-02,2007-01-03 00:00:00,TOEI,00,,,0,,302, ,,3,1,1,KHT-06074B,20370,PCB,HK,,HK,30,CTN,USD,0,1900-01-01 00:00:00,578-20427455(22580040),,,,2007-01-03 00:00:00,1900-01-01 00:00:00,NNR,,OX203,1900-01-01 00:00:00,2007-01-01 00:00:00,1900-01-01 00:00:00,,0,,1900-01-01 00:00:00,1900-01-01 00:00:00,,1900-01-01 00:00:00,1900-01-01 00:00:00,2007-01-15 00:00:00,1900-01-01 14:41:51,202,610,28030015000064,G,,,,,1900-01-01 00:00:00,1900-01-01 00:00:00,1xAWB,2007-01-03 00:00:00,0,,0,0,0,0,,0,,0,0,0,0,1900-01-01 00:00:00,,,575,KGM,0,0,1900-01-01 00:00:00,0,,,,0,,,,,
00,0701-00018-EA,0,2007-01-03 00:00:00,JCP-03,2007-01-03 00:00:00,TAIKO,00,Mr. Pratheep /  / Ext.0818031577,Q-KGM-06-0111,0,300,310, ,,3,2,1,TT118/06,241431.35999999999,CONNECTOR,ID,ID,JK,8,CTN,THB,1,2007-01-03 00:00:00,126-0722 1336,-,,,2007-01-03 00:00:00,2007-01-03 00:00:00,,,GA867/04,2007-01-04 00:00:00,2007-01-04 00:00:00,1900-01-01 00:00:00,,0,,1900-01-01 00:00:00,1900-01-01 00:00:00,,1900-01-01 00:00:00,1900-01-01 00:00:00,2007-01-24 00:00:00,1900-01-01 15:35:46,202,211,11901015000121,,,,,,1900-01-01 00:00:00,1900-01-01 00:00:00,1xAWB,2007-01-03 00:00:00,0,,0,0,0,0,,0,,0,0,0,0,1900-01-01 00:00:00,,,30.440000000000001,KGM,0,0,2007-01-03 00:00:00,0,,,,29.440000000000001,,,,,
00,0701-00019-DT,0,2007-01-03 00:00:00,DOMESTIC,2007-01-03 00:00:00,KET,00,Mr. Songrit Thipratsoontorn / Manager Material Dep,Q-KGM-49-0022,0,300,310, ,,3,99,3,INJ-TYTS.001/07,1079764.3999999999,CONNECTOR,TH,,,238,CTN,THB,1,2007-01-03 00:00:00,,,-,0503,,2007-01-05 00:00:00,2007-01-05 00:00:00,,,,2007-01-05 00:00:00,2007-01-05 00:00:00,1900-01-01 00:00:00,,0,,1900-01-01 00:00:00,1900-01-01 00:00:00,,1900-01-01 00:00:00,1900-01-01 00:00:00,2007-01-11 00:00:00,1900-01-01 16:36:24,403,110,05030015000162,,,,,,1900-01-01 00:00:00,1900-01-01 00:00:00,1xSHP,2007-01-05 00:00:00,0,,0,0,0,0,,0,,0,0,0,0,1900-01-01 00:00:00,,,377.41000000000003,KGM,0,0,2007-01-03 00:00:00,0,,,,91.810000000000002,,,,,
00,0701-00020-IA,1,2007-01-08 00:00:00,JCP-02,2007-01-03 00:00:00,LIFE,00,MS.ANYARATH / MANAGING DIRECTOR OFFICE ASST MGR. /,Q-KGM-06-0065,0,300,306, ,Effective from formality date Oct 1,2006.,4,1,1,1431000483,1431000484,1431000485,1431000486,1431000487,16035.639999999999,SPARE PART,IT,IT,MI,9,PKG,USD,0,2007-01-08 00:00:00,25772717271  (6C0086),,1190,,2007-01-08 00:00:00,1900-01-01 00:00:00,,,OS0025,2006-12-21 00:00:00,2006-12-27 00:00:00,1900-01-01 00:00:00,,0,,1900-01-01 00:00:00,1900-01-01 00:00:00,,1900-01-01 00:00:00,1900-01-01 00:00:00,2007-01-12 00:00:00,1900-01-01 16:03:22,403,100,1190-00150-10984,G,CB,,TX,,2007-01-08 00:00:00,1900-01-01 00:00:00,1xAWB,2007-01-08 00:00:00,128338,,0,0,0,0,,0,,0,0,0,0,1900-01-01 00:00:00,,,258.00999999999999,KGM,0,2,1900-01-01 00:00:00,0,,,,0,,,,,
00,0701-00021-DT,0,2007-01-03 00:00:00,DOMESTIC,2007-01-03 00:00:00,KET,00,Mr. Songrit Thipratsoontorn / Manager Material Dep,Q-KGM-49-0022,0,300,310, ,,3,99,3,INJ-TYTS.002/07,724938.95999999996,CONNECTOR,TH,,,160,CTN,THB,1,2007-01-03 00:00:00,,,-,0503,,2007-01-03 00:00:00,2007-01-03 00:00:00,,,,2007-01-03 00:00:00,2007-01-03 00:00:00,1900-01-01 00:00:00,,0,,1900-01-01 00:00:00,1900-01-01 00:00:00,,1900-01-01 00:00:00,1900-01-01 00:00:00,2007-01-22 00:00:00,1900-01-01 13:57:23,403,110,05030015000163,,,,,,1900-01-01 00:00:00,1900-01-01 00:00:00,1xSHP,2007-01-03 00:00:00,0,,0,0,0,0,,0,,0,0,0,0,1900-01-01 00:00:00,,,247.52000000000001,KGM,0,0,2007-01-03 00:00:00,0,,,,55.520000000000003,,,,,
00,0701-00022-IS,0,2007-01-03 00:00:00,JCP-IS01,2007-01-03 00:00:00,TOEI,00,,,0,,302, ,,3,1,2,63397,11088,TAMURA CARBON INK,SG,,SG,2,PLT,USD,0,1900-01-01 00:00:00,SILKBKK0602080 C,,,,,2007-01-03 00:00:00,1900-01-01 00:00:00,ASIAN,,SINAR SOLO  V.273,2006-12-30 00:00:00,2007-01-03 00:00:00,1900-01-01 00:00:00,,0,,1900-01-01 00:00:00,1900-01-01 00:00:00,,1900-01-01 00:00:00,1900-01-01 00:00:00,2007-01-15 00:00:00,1900-01-01 15:24:39,202,610,28030015000084,G,,,,,1900-01-01 00:00:00,1900-01-01 00:00:00,1xLCL,2007-01-05 00:00:00,0,,0,0,0,0,,0,,0,0,0,0,1900-01-01 00:00:00,,,1045,KGM,0,0,1900-01-01 00:00:00,0,,,,0,2.820,,,,
00,0701-00023-IS,0,2007-01-03 00:00:00,JCP-IS01,2007-01-03 00:00:00,TOEI,00,,,0,,302, ,,3,1,2,SBM06120035,12815,PCB,HK,,HK,2,PLT,USD,0,1900-01-01 00:00:00,HKGCB6367946 A,,,,,2007-01-03 00:00:00,1900-01-01 00:00:00,MIT,,METHI BHUM  V.S080,2006-12-25 00:00:00,2007-01-01 00:00:00,1900-01-01 00:00:00,,0,,1900-01-01 00:00:00,1900-01-01 00:00:00,,1900-01-01 00:00:00,1900-01-01 00:00:00,2007-01-26 00:00:00,1900-01-01 16:32:14,202,610,28030015000083,G,,,,,1900-01-01 00:00:00,1900-01-01 00:00:00,1xLCL,2007-01-04 00:00:00,0,,0,0,0,0,,0,,0,0,0,0,1900-01-01 00:00:00,,,2243,KGM,0,0,1900-01-01 00:00:00,0,,,,0,1.680,,,,
00,0701-00024-ES,0,2007-01-03 00:00:00,JCP-04,2007-01-03 00:00:00,AFT,00,Mr. Hirohiko Esaki / Production Admin Manager,Q-KGM-49-0013,0,300,407, ,,3,2,2,AFTY-001/07,16914510,FROZEN PREPARED FOOD,JP,JP,YOK,4567,BE,JPY,0,2007-01-03 00:00:00,KKLUTH0182930,TH0182930, TH0182931,0201,,2007-01-03 00:00:00,2007-01-03 00:00:00,,KLINE,FREMANTLE BRIDGE A137N,2007-01-07 00:00:00,2007-01-16 00:00:00,1900-01-01 00:00:00,,0,,1900-01-01 00:00:00,1900-01-01 00:00:00,,1900-01-01 00:00:00,1900-01-01 00:00:00,2007-01-12 00:00:00,1900-01-01 16:51:08,200,221,0201-10150-01417,,,,,,1900-01-01 00:00:00,1900-01-01 00:00:00,3x40HC,2007-01-03 00:00:00,0,,0,0,0,0,,0,,0,0,0,0,1900-01-01 00:00:00,,,33624.739999999998,KGM,0,0,2007-01-03 00:00:00,0,,-,-,27346.84,159.76,,,,
00,0701-00025-IA,0,2007-01-03 00:00:00,JCP-02,2007-01-03 00:00:00,META,00,Mr. Takeshi  Sugiyama / President,Q-KGM-49-0029,0,300,302, ,Domestic -Export clearance at Hitech EPZ,4,1,1,VE9775,186114.39000000001,AUTOMOTIVE,JP,,OSK,3,PLT,THB,1,1900-01-01 00:00:00,217-68922324(27076965),,,,2007-01-03 00:00:00,1900-01-01 00:00:00,YUSEN,,TG623,1900-01-01 00:00:00,2006-12-29 00:00:00,1900-01-01 00:00:00,,0,,1900-01-01 00:00:00,1900-01-01 00:00:00,,1900-01-01 00:00:00,1900-01-01 00:00:00,2007-01-10 00:00:00,1900-01-01 14:14:18,403,100,11900015002424,G,,,TX,,1900-01-01 00:00:00,1900-01-01 00:00:00,1xAWB,2007-01-04 00:00:00,0,,0,0,0,0,,0,,0,0,0,0,1900-01-01 00:00:00,,,323,KGM,0,0,1900-01-01 00:00:00,0,,,,0,1.033,,,,
00,0701-00026-IA,0,2007-01-03 00:00:00,JCP-02,2007-01-03 00:00:00,META,00,Mr. Takeshi  Sugiyama / President,Q-KGM-49-0029,0,300,302, ,Domestic -Export clearance at Hitech EPZ,4,1,1,VE9776,9186,AUTOMOTIVE,JP,,OSK,1,PLT,THB,1,1900-01-01 00:00:00,217-68922324(27076976),,,,2007-01-03 00:00:00,1900-01-01 00:00:00,YUSEN,,TG623,1900-01-01 00:00:00,2006-12-29 00:00:00,1900-01-01 00:00:00,,0,,1900-01-01 00:00:00,1900-01-01 00:00:00,,1900-01-01 00:00:00,1900-01-01 00:00:00,2007-01-10 00:00:00,1900-01-01 14:18:56,403,110,11900015002425,G,,,,,1900-01-01 00:00:00,1900-01-01 00:00:00,1xAWB,2007-01-04 00:00:00,0,,0,0,0,0,,0,,0,0,0,0,1900-01-01 00:00:00,,,19,KGM,0,0,1900-01-01 00:00:00,0,,,,0,.132,,,,
00,0701-00027-ES,0,2007-01-03 00:00:00,JCP-04,2007-01-03 00:00:00,MELT/AMEC,00,MR.HITOSHI MIURA / MARKETING DIVISION DIRECTOR / E,Q-KGM-06-0070,0,300,407, ,Validity: Oct 1, 2006 until Mar 31, 2007,5,2,2,EXP-2457/06A,31032,ELEVATOR,PH,PH,MN,31,PKG,USD,0,2007-01-03 00:00:00,,,LCH111052,0201,,2007-01-04 00:00:00,2007-01-04 00:00:00,,PACIF,-,2007-01-05 00:00:00,2007-01-13 00:00:00,1900-01-01 00:00:00,,0,,1900-01-01 00:00:00,1900-01-01 00:00:00,,1900-01-01 00:00:00,1900-01-01 00:00:00,2007-01-16 00:00:00,1900-01-01 16:39:09,202,211,0201101500718,,,,,,1900-01-01 00:00:00,1900-01-01 00:00:00,1x40F,2007-01-04 00:00:00,0,,0,0,0,0,,0,,0,0,0,0,1900-01-01 00:00:00,,,9402,KGM,0,0,2007-01-03 00:00:00,0,,MO-A2006-2005,ACX COSMOS V.209N,7879,37.283,,,,
00,0701-00028-ES,0,2007-01-03 00:00:00,JCP-04,2007-01-03 00:00:00,MELT/AMEC,00,MR. HOTOSHI MIURA / MARKETING DIVISION DIRECTOR / ,Q-KGM-06-0069,0,300,407, ,Validity: Oct 1, 2006 until Mar 31, 2007,3,2,2,EXP-2443/06A,12815,ELEVATOR,PH,PH,CEB,16,PKG,USD,0,2007-01-03 00:00:00,,,050695026158,0201,,2007-01-05 00:00:00,2007-01-05 00:00:00,,EVE,-,2007-01-09 00:00:00,2007-01-18 00:00:00,1900-01-01 00:00:00,,0,,1900-01-01 00:00:00,1900-01-01 00:00:00,,1900-01-01 00:00:00,1900-01-01 00:00:00,2007-01-16 00:00:00,1900-01-01 14:09:59,508,211,02011015000716,,,,,,1900-01-01 00:00:00,1900-01-01 00:00:00,1x20F,2007-01-05 00:00:00,0,,0,0,0,0,,0,,0,0,0,0,1900-01-01 00:00:00,,,3711,KGM,0,0,2007-01-03 00:00:00,0,,MO-A2006-2015,THORSRIVER V.331E,3033,15.669,,,,
00,0701-00029-ES,0,2007-01-03 00:00:00,JCP-04,2007-01-03 00:00:00,MELT/AMEC,00,MR.HITOSHI MIURA / MARKETING DIVISION DIRECTOR / E,Q-KGM-06-0070,0,300,407, ,Validity: Oct 1, 2006 until Mar 31, 2007,3,2,2,EXP-2475/06A,76752,ESCALATOR,TW,TW,KS,24,PKG,USD,0,2007-01-03 00:00:00,,,KT613KH102,0201,,2007-01-04 00:00:00,2007-01-04 00:00:00,,CNC,-,2007-01-11 00:00:00,2007-01-17 00:00:00,1900-01-01 00:00:00,,0,,1900-01-01 00:00:00,1900-01-01 00:00:00,,1900-01-01 00:00:00,1900-01-01 00:00:00,2007-01-16 00:00:00,1900-01-01 14:33:08,202,211,02011015000732,,,,,,1900-01-01 00:00:00,1900-01-01 00:00:00,5x40F,2007-01-04 00:00:00,0,,0,0,0,0,,0,,0,0,0,0,1900-01-01 00:00:00,,,28870,KGM,0,0,2007-01-03 00:00:00,0,,L-09367,KUOTAI V.KT613N,28160,151.124,,,,
00,0701-00030-ES,0,2007-01-03 00:00:00,JCP-04,2007-01-03 00:00:00,MELT/AMEC,00,MR.HITOSHI MIURA / MARKETING DIVISION DIRECTOR / E,Q-KGM-06-0070,0,300,407, ,Validity: Oct 1, 2006 until Mar 31, 2007,3,2,2,EXP-2445/06A,8839,ELEVATOR,ID,ID,JK,10,PKG,USD,0,2007-01-03 00:00:00,,,86574610,0201,,2007-01-05 00:00:00,2007-01-05 00:00:00,,OOCL,OOCL CHICAGO V.44E02,2007-01-10 00:00:00,2007-01-20 00:00:00,1900-01-01 00:00:00,,0,,1900-01-01 00:00:00,1900-01-01 00:00:00,,1900-01-01 00:00:00,1900-01-01 00:00:00,2007-01-16 00:00:00,1900-01-01 14:14:54,508,211,02011015000717,,,,,,1900-01-01 00:00:00,1900-01-01 00:00:00,1x20F,2007-01-05 00:00:00,0,,0,0,0,0,,0,,0,0,0,0,1900-01-01 00:00:00,,,2755,KGM,0,0,2007-01-03 00:00:00,0,,MT-1213(A),HUB GALLARDO V.022E,2295,9.374,,,,
00,0701-00031-ES,0,2007-01-03 00:00:00,JCP-04,2007-01-03 00:00:00,MELT/AMEC,00,MR. HOTOSHI MIURA / MARKETING DIVISION DIRECTOR / ,Q-KGM-06-0069,0,300,407, ,Validity: Oct 1, 2006 until Mar 31, 2007,3,2,2,EXP-2382/06A,12226,ELEVATOR,ID,ID,JK,11,PKG,USD,0,2007-01-03 00:00:00,,,86574990,0201,,2007-01-05 00:00:00,2007-01-05 00:00:00,,OOCL,OOCL CHICAGO V.44E02,2007-01-10 00:00:00,2007-01-20 00:00:00,1900-01-01 00:00:00,,0,,1900-01-01 00:00:00,1900-01-01 00:00:00,,1900-01-01 00:00:00,1900-01-01 00:00:00,2007-01-16 00:00:00,1900-01-01 14:02:36,508,211,02011015000714,,,,,,1900-01-01 00:00:00,1900-01-01 00:00:00,1x20F,2007-01-05 00:00:00,0,,0,0,0,0,,0,,0,0,0,0,1900-01-01 00:00:00,,,2834,KGM,0,0,2007-01-03 00:00:00,0,,MT-1212(A),HUB GALLARDO V.022E,2305,11.742,,,,
00,0701-00032-ES,0,2007-01-03 00:00:00,JCP-04,2007-01-03 00:00:00,MELT/AMEC,00,MR.HITOSHI MIURA / MARKETING DIVISION DIRECTOR / E,Q-KGM-06-0070,0,300,407, ,Validity: Oct 1, 2006 until Mar 31, 2007,3,2,2,EXP-2459/06A,11158,ELEVATOR,PH,PH,MN,16,PKG,USD,0,2007-01-03 00:00:00,,,050695026174,0201,,2007-01-05 00:00:00,2007-01-05 00:00:00,,EVE,-,2007-01-09 00:00:00,2007-01-17 00:00:00,1900-01-01 00:00:00,,0,,1900-01-01 00:00:00,1900-01-01 00:00:00,,1900-01-01 00:00:00,1900-01-01 00:00:00,2007-01-16 00:00:00,1900-01-01 14:30:29,508,211,02011015000720,,,,,,1900-01-01 00:00:00,1900-01-01 00:00:00,1x20F,2007-01-05 00:00:00,0,,0,0,0,0,,0,,0,0,0,0,1900-01-01 00:00:00,,,3491,KGM,0,0,2007-01-03 00:00:00,0,,MO-A2006-2043,THORSRIVER V.331E,2871,13.892,,,,
00,0701-00033-ES,0,2007-01-03 00:00:00,JCP-04,2007-01-03 00:00:00,MELT/AMEC,00,MR. HOTOSHI MIURA / MARKETING DIVISION DIRECTOR / ,Q-KGM-06-0069,0,300,407, ,Validity: Oct 1, 2006 until Mar 31, 2007,3,2,2,EXP-2458/06A,24901,ELEVATOR,SG,SG,SG,13,PKG,USD,0,2007-01-03 00:00:00,,,86574640,0201,,2007-01-05 00:00:00,2007-01-05 00:00:00,,OOCL,-,2007-01-10 00:00:00,2007-01-12 00:00:00,1900-01-01 00:00:00,,0,,1900-01-01 00:00:00,1900-01-01 00:00:00,,1900-01-01 00:00:00,1900-01-01 00:00:00,2007-01-16 00:00:00,1900-01-01 14:19:23,508,211,02011015000719,,,,,,1900-01-01 00:00:00,1900-01-01 00:00:00,1x20F,2007-01-05 00:00:00,0,,0,0,0,0,,0,,0,0,0,0,1900-01-01 00:00:00,,,5686,KGM,0,0,2007-01-03 00:00:00,0,,RS061008,OOCL CHICAGO V.44E02,4996,16.351,,,,
00,0701-00035-ES,0,2007-01-03 00:00:00,JCP-04,2007-01-03 00:00:00,MELT/AMEC,00,MR. HOTOSHI MIURA / MARKETING DIVISION DIRECTOR / ,Q-KGM-06-0069,0,300,407, ,Validity: Oct 1, 2006 until Mar 31, 2007,3,2,2,EXP-2460/06A,282216,ELEVATOR,SG,SG,SG,136,PKG,USD,0,2007-01-03 00:00:00,,,86574630,0201,,2007-01-05 00:00:00,2007-01-05 00:00:00,,OOCL,-,2007-01-10 00:00:00,2007-01-12 00:00:00,1900-01-01 00:00:00,,0,,1900-01-01 00:00:00,1900-01-01 00:00:00,,1900-01-01 00:00:00,1900-01-01 00:00:00,2007-01-16 00:00:00,1900-01-01 14:37:42,508,211,02011015000721,,,,,,1900-01-01 00:00:00,1900-01-01 00:00:00,1x20F , 4x40F,2007-01-05 00:00:00,0,,0,0,0,0,,0,,0,0,0,0,1900-01-01 00:00:00,,,64584,KGM,0,0,2007-01-03 00:00:00,0,,RS061015,OOCL CHICAGO V.44E02,57940,170.524,,,,
00,0701-00036-IA,0,2007-01-03 00:00:00,JCP-02,2007-01-03 00:00:00,HENKEL,00,MR.LERSAK / SUPPLY CHAIN MM MANAGER / Ext.038-4563,Q-KGM-49-0002,0,300,305, ,,3,1,1,C021034,508,ADHESIVE,US,US,ROK,2,CTN,USD,0,1900-01-01 00:00:00,695-7955-1463,,1190,,1900-01-01 00:00:00,1900-01-01 00:00:00,NNR,-,BR6207,1900-01-01 00:00:00,2007-01-01 00:00:00,1900-01-01 00:00:00,,0,,1900-01-01 00:00:00,1900-01-01 00:00:00,,1900-01-01 00:00:00,1900-01-01 00:00:00,2007-01-08 00:00:00,1900-01-01 18:24:20,200,100,11900015000700,,,,TX,,1900-01-01 00:00:00,1900-01-01 00:00:00,1xAWB,2007-01-04 00:00:00,5309,,0,0,0,0,,0,,0,0,0,0,1900-01-01 00:00:00,,,31,KGM,0,0,1900-01-01 00:00:00,0,,,,0,,,,,
00,0701-00037-IA,0,2007-01-03 00:00:00,JCP-02,2007-01-03 00:00:00,HENKEL,00,MS.TIDA CHOMRIT / LOGISTIC OFFICER / Ext.,Q-KGM-06-0076,0,300,305, ,,2,1,1,110921400,3757.4400000000001,ADHESIVE,IE,IE,DL,3,PKG,EUR,0,1900-01-01 00:00:00,618-4010-7292,,1190,,1900-01-01 00:00:00,1900-01-01 00:00:00,NNR,-,SQ062,1900-01-01 00:00:00,2006-12-29 00:00:00,1900-01-01 00:00:00,,0,,1900-01-01 00:00:00,1900-01-01 00:00:00,,1900-01-01 00:00:00,1900-01-01 00:00:00,1900-01-01 00:00:00,1900-01-01 00:00:00,,100,11900015000701,,,,TX,,1900-01-01 00:00:00,1900-01-01 00:00:00,1xAWB,2007-01-04 00:00:00,17113,,0,0,0,0,,0,,0,0,0,0,1900-01-01 00:00:00,,,93,KGM,0,0,1900-01-01 00:00:00,0,,,,0,,,,,
00,0701-00041-DT,0,2007-01-03 00:00:00,DOMISTIC,2007-01-03 00:00:00,MMI,00,,Q-KGM-06-0100,0,300,310, ,Effective from Dec 01,2006,3,99,3,2290004522, 2290004523, 2290004524,7500,FRONT PANEL,TH,,,12,BX,USD,42.6721,2007-01-03 00:00:00,,,-,2802,,2007-01-04 00:00:00,2007-01-04 00:00:00,,,,2007-01-04 00:00:00,2007-01-04 00:00:00,1900-01-01 00:00:00,,0,,1900-01-01 00:00:00,1900-01-01 00:00:00,,1900-01-01 00:00:00,1900-01-01 00:00:00,2007-01-08 00:00:00,1900-01-01 19:29:05,403,211,28021015000214,,,,,,1900-01-01 00:00:00,1900-01-01 00:00:00,1xSHP,2007-01-04 00:00:00,0,,0,0,0,0,,0,,0,0,0,0,1900-01-01 00:00:00,,,63.539999999999999,KGM,0,0,2007-01-03 00:00:00,0,,EX,,45,,,,,
00,0701-00042-ES,0,2007-01-03 00:00:00,JCP-04,2007-01-03 00:00:00,MELT/AMEC,00,MR.HITOSHI MIURA / MARKETING DIVISION DIRECTOR / E,Q-KGM-06-0070,0,300,407, ,Validity: Oct 1, 2006 until Mar 31, 2007,3,2,2,S-0505/06,500,ELEVATOR PARTS,PH,PH,MN,1,PKG,USD,0,2007-01-03 00:00:00,,,-,0201,,2007-01-05 00:00:00,2007-01-05 00:00:00,,EVE,-,2007-01-08 00:00:00,2007-01-13 00:00:00,1900-01-01 00:00:00,,0,,1900-01-01 00:00:00,1900-01-01 00:00:00,,1900-01-01 00:00:00,1900-01-01 00:00:00,2007-01-15 00:00:00,1900-01-01 16:49:22,202,211,0201101502654,,,,,,1900-01-01 00:00:00,1900-01-01 00:00:00,1xLCL,2007-01-05 00:00:00,0,,0,0,0,0,,0,,0,0,0,0,1900-01-01 00:00:00,,,60,KGM,0,0,2007-01-03 00:00:00,0,,MO-A2006-1973,ACX COSMOS V.209N,30,0.592,,,,
00,0701-00043-IA,0,2007-01-03 00:00:00,JCP-02,2007-01-03 00:00:00,CBP,00,,,0,,305, ,,3,1,1,00000436,2303.5999999999999,SEGMENT,US,US,,1,CTN,USD,0,1900-01-01 00:00:00,7200 8749 5151,,1190,,1900-01-01 00:00:00,1900-01-01 00:00:00,FEDEX,-,FX5199,1900-01-01 00:00:00,2007-01-02 00:00:00,1900-01-01 00:00:00,,0,,1900-01-01 00:00:00,1900-01-01 00:00:00,,1900-01-01 00:00:00,1900-01-01 00:00:00,2007-01-08 00:00:00,1900-01-01 19:15:54,200,100,11900015001910,,,CA,,,1900-01-01 00:00:00,1900-01-01 00:00:00,1xAWB,2007-01-04 00:00:00,14883,,0,0,0,0,,0,,0,0,0,0,1900-01-01 00:00:00,,,0.90000000000000002,KGM,0,0,1900-01-01 00:00:00,0,,,,0,,,,,
00,0701-00044-ES,0,2007-01-03 00:00:00,JCP-04,2007-01-03 00:00:00,MELT/AMEC,00,MR.HITOSHI MIURA / MARKETING DIVISION DIRECTOR / E,Q-KGM-06-0070,0,300,407, ,Validity: Oct 1, 2006 until Mar 31, 2007,3,2,2,S-0502/06,350,ELEVATOR PARTS,SG,SG,SG,1,PKG,USD,0,2007-01-03 00:00:00,,,-,0201,,2007-01-10 00:00:00,2007-01-10 00:00:00,,PACIF,-,2007-01-11 00:00:00,2007-01-14 00:00:00,1900-01-01 00:00:00,,0,,1900-01-01 00:00:00,1900-01-01 00:00:00,,1900-01-01 00:00:00,1900-01-01 00:00:00,2007-01-15 00:00:00,1900-01-01 16:42:39,202,211,02011015013153,,,,,,1900-01-01 00:00:00,1900-01-01 00:00:00,1xLCL,2007-01-10 00:00:00,0,,0,0,0,0,,0,,0,0,0,0,1900-01-01 00:00:00,,,90,KGM,0,0,2007-01-03 00:00:00,0,,RS051040,NEW DYNAMIC V.130S,50,0.947,,,,
00,0701-00045-DT,0,2007-01-03 00:00:00,DOMISTIC,2007-01-03 00:00:00,MMI,00,,Q-KGM-06-0100,0,300,310, ,Effective from Dec 01,2006,3,99,3,2290004527, 2290004528, 2290004529,6500,ASY, MECH, FRONT PANEL,TH,,,8,BX,USD,42.6721,2007-01-03 00:00:00,,,-,2802,,2007-01-04 00:00:00,2007-01-04 00:00:00,,,,2007-01-04 00:00:00,2007-01-04 00:00:00,1900-01-01 00:00:00,,0,,1900-01-01 00:00:00,1900-01-01 00:00:00,,1900-01-01 00:00:00,1900-01-01 00:00:00,2007-01-08 00:00:00,1900-01-01 19:31:26,403,211,28021015000215,,,,,,1900-01-01 00:00:00,1900-01-01 00:00:00,1xSHP,2007-01-04 00:00:00,0,,0,0,0,0,,0,,0,0,0,0,1900-01-01 00:00:00,,,40,KGM,0,0,2007-01-03 00:00:00,0,,EX,,28,,,,,
00,0701-00046-IA,1,2007-01-05 00:00:00,JCP-02,2007-01-03 00:00:00,HIFI,00,MS.ANYARATH / MANAGING DIRECTOR OFFICE ASST MGR. /,Q-KGM-06-0051,0,300,306, ,Effective from formality date Oct 1,2006.,3,1,1,I-S-121,15,DVD/VCD/CASSETTE PLAYER,CN,HK,HK,2,CTN,USD,0,2007-01-05 00:00:00,GD504918049WW,,1190,,2007-01-05 00:00:00,1900-01-01 00:00:00,,,CX713,1900-01-01 00:00:00,2007-01-03 00:00:00,1900-01-01 00:00:00,,0,,1900-01-01 00:00:00,1900-01-01 00:00:00,,1900-01-01 00:00:00,1900-01-01 00:00:00,2007-01-12 00:00:00,1900-01-01 16:10:10,403,100,1190-00150-08430,G,CB,,TX,,2007-01-05 00:00:00,1900-01-01 00:00:00,1xAWB,2007-01-05 00:00:00,281,,0,0,0,0,,0,,0,0,0,0,1900-01-01 00:00:00,,,6.5,KGM,0,2,1900-01-01 00:00:00,0,,,,0,,,,,
00,0701-00047-ES,0,2007-01-03 00:00:00,JCP-04,2007-01-03 00:00:00,MELT/AMEC,00,MR.HITOSHI MIURA / MARKETING DIVISION DIRECTOR / E,Q-KGM-06-0070,0,300,407, ,Validity: Oct 1, 2006 until Mar 31, 2007,2,2,2,EXP-2446/06A,81816,ESCALATOR,SG,SG,SG,42,PKG,USD,0,2007-01-03 00:00:00,,,86574620,0201,,2007-01-12 00:00:00,2007-01-12 00:00:00,,OOCL,-,2007-01-17 00:00:00,2007-01-19 00:00:00,1900-01-01 00:00:00,,0,,1900-01-01 00:00:00,1900-01-01 00:00:00,,1900-01-01 00:00:00,1900-01-01 00:00:00,1900-01-01 00:00:00,1900-01-01 00:00:00,,211,02011015007036,,,,,,1900-01-01 00:00:00,1900-01-01 00:00:00,6x40F,2007-01-12 00:00:00,0,,0,0,0,0,,0,,0,0,0,0,1900-01-01 00:00:00,,,36760,KGM,0,0,2007-01-03 00:00:00,0,,RS051049A,ROTTERDAM EXPRESS V.50E03,34320,170.114,,,,
00,0701-00048-ES,0,2007-01-03 00:00:00,JCP-04,2007-01-03 00:00:00,MELT/AMEC,00,MR.HITOSHI MIURA / MARKETING DIVISION DIRECTOR / E,Q-KGM-06-0070,0,300,310,TRANSFER EDI BY KGM ,Validity: Oct 1, 2006 until Mar 31, 2007,3,2,2,EXP-1971/06A-2,8600,ELEVATOR PARTS,TM,TM,AB,4,PKG,USD,0,2007-01-03 00:00:00,,,LCN91758,0201,,2007-01-04 00:00:00,2007-01-04 00:00:00,,NYK,-,2007-01-06 00:00:00,2007-02-03 00:00:00,1900-01-01 00:00:00,,0,,1900-01-01 00:00:00,1900-01-01 00:00:00,,1900-01-01 00:00:00,1900-01-01 00:00:00,2007-01-16 00:00:00,1900-01-01 16:43:04,202,211,02011015002442,,,,,,1900-01-01 00:00:00,1900-01-01 00:00:00,1x20F,2007-01-04 00:00:00,0,,0,0,0,0,,0,,0,0,0,0,1900-01-01 00:00:00,,,878,KGM,0,0,2007-01-03 00:00:00,0,,EMW0053-05,ACX MARGUERITE V.065W,638,5.082,,,,
00,0701-00049-IS,1,2007-01-09 00:00:00,JCP-IS01,2007-01-03 00:00:00,HIFI,00,MS.ANYARATH / MANAGING DIRECTOR OFFICE ASST MGR. /,Q-KGM-06-0051,0,300,306, ,Effective from formality date Oct 1,2006.,4,1,2,AT-0686, 061230,17671.560000000001,MODEL NO.AN-215VM VCD/MP3/CD MOCRO HI-FI COMPONENT SYSTEM, SPARE PARTS,HK,HK,HK,622,CTN,USD,0,2007-01-09 00:00:00,0226193530,,0119,17,T2,2007-01-09 00:00:00,1900-01-01 00:00:00,,,WAN HAI 161  (S141),2007-01-03 00:00:00,2007-01-08 00:00:00,1900-01-01 00:00:00,,0,,1900-01-01 00:00:00,1900-01-01 00:00:00,,1900-01-01 00:00:00,1900-01-01 00:00:00,2007-01-17 00:00:00,1900-01-01 18:14:10,403,100,0104-00150-01085,G,CB,,TX,,2007-01-10 00:00:00,1900-01-01 00:00:00,1x20F,2007-10-09 00:00:00,114670,,0,0,0,0,,0,,0,0,0,0,1900-01-01 00:00:00,,,3961,KGM,0,1,1900-01-01 00:00:00,0,,,,0,27.757,,,,
00,0701-00050-ES,0,2007-01-03 00:00:00,JCP-04,2007-01-03 00:00:00,MELT/AMEC,00,MR.HITOSHI MIURA / MARKETING DIVISION DIRECTOR / E,Q-KGM-06-0070,0,300,310, ,Validity: Oct 1, 2006 until Mar 31, 2007,3,2,2,EXP-1972/06A-2,3700,ELEVATOR PARTS,TM,TM,AB,2,CR,USD,0,2007-01-03 00:00:00,,,LCN91758,0201,,2007-01-04 00:00:00,2007-01-04 00:00:00,,NYK,-,2007-01-06 00:00:00,2007-02-03 00:00:00,1900-01-01 00:00:00,,0,,1900-01-01 00:00:00,1900-01-01 00:00:00,,1900-01-01 00:00:00,1900-01-01 00:00:00,2007-01-16 00:00:00,1900-01-01 16:40:57,202,211,02011015000713,,,,,,1900-01-01 00:00:00,1900-01-01 00:00:00,1xSHP,2007-01-04 00:00:00,0,,0,0,0,0,,0,,0,0,0,0,1900-01-01 00:00:00,,,460,KGM,0,0,2007-01-03 00:00:00,0,,EMW0053-05,ACX MARGUERITE,330,2.689,,,,
00,0701-00051-ES,0,2007-01-03 00:00:00,JCP-04,2007-01-03 00:00:00,MELT/AMEC,00,MR.HITOSHI MIURA / MARKETING DIVISION DIRECTOR / E,Q-KGM-06-0070,0,300,407, ,Validity: Oct 1, 2006 until Mar 31, 2007,3,2,2,EXP-2472/06A,24842,ELEVATOR,BD,BD,KAM,31,PKG,USD,0,2007-01-03 00:00:00,,,LCN91757,0201,,2007-01-04 00:00:00,2007-01-04 00:00:00,,NYK,ACX MIMOSA V.033W,2007-01-06 00:00:00,2007-01-15 00:00:00,1900-01-01 00:00:00,,0,,1900-01-01 00:00:00,1900-01-01 00:00:00,,1900-01-01 00:00:00,1900-01-01 00:00:00,2007-01-16 00:00:00,1900-01-01 16:44:43,202,211,02011015000731,,,,,,1900-01-01 00:00:00,1900-01-01 00:00:00,1x40F,2007-01-04 00:00:00,0,,0,0,0,0,,0,,0,0,0,0,1900-01-01 00:00:00,,,7406,KGM,0,0,2007-01-03 00:00:00,0,,EMH0095-02,MARE HIBERNUM V.008N,6199,28.460,,,,
00,0701-00052-ES,0,2007-01-03 00:00:00,JCP-04,2007-01-03 00:00:00,MELT/AMEC,00,MR.HITOSHI MIURA / MARKETING DIVISION DIRECTOR / E,Q-KGM-06-0070,0,300,407, ,Validity: Oct 1, 2006 until Mar 31, 2007,3,2,2,EXP-2471/06A,24842,ELEVATOR,BD,BD,KAM,31,PKG,USD,0,2007-01-03 00:00:00,,,LCN91756,0201,,2007-01-04 00:00:00,2007-01-04 00:00:00,,NYK,ACX MIMOSA V.033W,2007-01-06 00:00:00,2007-01-15 00:00:00,1900-01-01 00:00:00,,0,,1900-01-01 00:00:00,1900-01-01 00:00:00,,1900-01-01 00:00:00,1900-01-01 00:00:00,2007-01-16 00:00:00,1900-01-01 16:21:26,202,211,020111015000730,,,,,,1900-01-01 00:00:00,1900-01-01 00:00:00,1x40F,2007-01-04 00:00:00,0,,0,0,0,0,,0,,0,0,0,0,1900-01-01 00:00:00,,,7406,KGM,0,0,2007-01-03 00:00:00,0,,EMH0094-02,MARE HIBERNUM V.008N,6199,28.460,,,,
00,0701-00053-IS,0,2007-01-03 00:00:00,JCP-IS01,2007-01-03 00:00:00,META,00,Mr. Takeshi  Sugiyama / President,Q-KGM-49-0029,0,300,305, ,Domestic -Export clearance at Hitech EPZ,4,1,2,HK045379-02,HK043581-01,20152.66,PARTS FOR CAR AUDIO,HK,HK,HK,4,PLT,USD,0,1900-01-01 00:00:00,0356120308,,,0334,,1900-01-01 00:00:00,1900-01-01 00:00:00,NP,-,WAN HAI 221,2006-12-23 00:00:00,2006-12-27 00:00:00,1900-01-01 00:00:00,,0,,1900-01-01 00:00:00,1900-01-01 00:00:00,,1900-01-01 00:00:00,1900-01-01 00:00:00,2007-01-15 00:00:00,1900-01-01 11:59:14,403,110,03210015000808,,,,NX,,1900-01-01 00:00:00,1900-01-01 00:00:00,1xLCL,2007-01-05 00:00:00,0,,0,0,0,0,,0,,0,0,0,0,1900-01-01 00:00:00,,,752.5,KGM,0,0,1900-01-01 00:00:00,0,,,-,0,7.428,,,,
00,0701-00054-ES,0,2007-01-03 00:00:00,JCP-04,2007-01-03 00:00:00,MELT/AMEC,00,MR.HITOSHI MIURA / MARKETING DIVISION DIRECTOR / E,Q-KGM-06-0070,0,300,407, ,Validity: Oct 1, 2006 until Mar 31, 2007,3,2,2,EXP-2470/06A,24842,ELEVATOR,BD,BD,KAM,31,PKG,USD,0,2007-01-03 00:00:00,,,LCN91755,0201,,2007-01-04 00:00:00,2007-01-04 00:00:00,,NYK,ACX MIMOSA V.033W,2007-01-06 00:00:00,2007-01-15 00:00:00,1900-01-01 00:00:00,,0,,1900-01-01 00:00:00,1900-01-01 00:00:00,,1900-01-01 00:00:00,1900-01-01 00:00:00,2007-01-16 00:00:00,1900-01-01 16:24:01,202,211,02011015000729,,,,,,1900-01-01 00:00:00,1900-01-01 00:00:00,1x40F,2007-01-04 00:00:00,0,,0,0,0,0,,0,,0,0,0,0,1900-01-01 00:00:00,,,7446,KGM,0,0,2007-01-03 00:00:00,0,,EMH0093-02,MARE HIBERNUM V.008N,6239,28.460,,,,
00,0701-00055-IS,0,2007-01-03 00:00:00,JCP-IS01,2007-01-03 00:00:00,META,00,Mr. Takeshi  Sugiyama / President,Q-KGM-49-0029,0,300,305, ,Domestic -Export clearance at Hitech EPZ,4,1,2,RCMETA-117B,203680,RETURNABLE,NL,NL,RD,32,PLT,THB,1,1900-01-01 00:00:00,NYKS560238991,,,2801,,1900-01-01 00:00:00,1900-01-01 00:00:00,NP,-,ACX TSUBAKI,2006-12-08 00:00:00,2007-01-02 00:00:00,1900-01-01 00:00:00,,0,,1900-01-01 00:00:00,1900-01-01 00:00:00,,1900-01-01 00:00:00,1900-01-01 00:00:00,2007-01-18 00:00:00,1900-01-01 13:39:11,403,110,28010015000336,,,,NX,,1900-01-01 00:00:00,1900-01-01 00:00:00,1x40F,2007-01-05 00:00:00,0,,0,0,0,0,,0,,0,0,0,0,1900-01-01 00:00:00,,,2080,KGM,0,0,1900-01-01 00:00:00,0,,,-,0,34.080,,,,
00,0701-00056-ES,0,2007-01-03 00:00:00,JCP-04,2007-01-03 00:00:00,MELT/AMEC,00,MR.HITOSHI MIURA / MARKETING DIVISION DIRECTOR / E,Q-KGM-06-0070,0,300,407, ,Validity: Oct 1, 2006 until Mar 31, 2007,3,2,2,EXP-2469/06A,11834,ELEVATOR,BD,BD,CT,17,PKG,USD,0,2007-01-03 00:00:00,,,LCN91753,0201,,2007-01-04 00:00:00,2007-01-04 00:00:00,,NYK,ACX MIMOSA V.033W,2007-01-06 00:00:00,2007-01-15 00:00:00,1900-01-01 00:00:00,,0,,1900-01-01 00:00:00,1900-01-01 00:00:00,,1900-01-01 00:00:00,1900-01-01 00:00:00,2007-01-16 00:00:00,1900-01-01 16:26:04,202,211,02011015000728,,,,,,1900-01-01 00:00:00,1900-01-01 00:00:00,1x20F,2007-01-04 00:00:00,0,,0,0,0,0,,0,,0,0,0,0,1900-01-01 00:00:00,,,3698,KGM,0,0,2007-01-03 00:00:00,0,,EMH0092-01,MARE HIBERNUM V.008N,3068,14.179,,,,
00,0701-00057-IS,0,2006-12-25 00:00:00,JCP-IS01,2007-01-03 00:00:00,META,00,Mr. Takeshi  Sugiyama / President,Q-KGM-49-0029,0,300,305,PACKED IN CASE 01030124905902
 ,Domestic -Export clearance at Hitech EPZ,4,1,2,G6B3698,2319247,BEARING,JP,JP,KB,3,PLT,JPY,0,1900-01-01 00:00:00,NYKS006027082 D1,,,0119,,1900-01-01 00:00:00,1900-01-01 00:00:00,NGN,-,RATANA THIDA,2006-12-20 00:00:00,2006-12-31 00:00:00,1900-01-01 00:00:00,,0,,1900-01-01 00:00:00,1900-01-01 00:00:00,,1900-01-01 00:00:00,1900-01-01 00:00:00,2007-01-10 00:00:00,1900-01-01 14:24:57,403,110,01080124908346,,,,NX,,1900-01-01 00:00:00,1900-01-01 00:00:00,1xLCL,2007-01-05 00:00:00,0,,0,0,0,0,,0,,0,0,0,0,1900-01-01 00:00:00,,,2103,KGM,0,0,1900-01-01 00:00:00,0,,,-,0,1.475,,,,
00,0701-00058-ES,0,2007-01-03 00:00:00,JCP-04,2007-01-03 00:00:00,MELT/AMEC,00,MR.HITOSHI MIURA / MARKETING DIVISION DIRECTOR / E,Q-KGM-06-0070,0,300,407, ,Validity: Oct 1, 2006 until Mar 31, 2007,3,2,2,EXP-2467/06A,11834,ELEVATOR,BD,BD,CT,17,PKG,USD,0,2007-01-03 00:00:00,,,LCN91751,0201,,2007-01-04 00:00:00,2007-01-04 00:00:00,,NYK,ACX MIMOSA V.033W,2007-01-06 00:00:00,1900-01-01 00:00:00,1900-01-01 00:00:00,,0,,1900-01-01 00:00:00,1900-01-01 00:00:00,,1900-01-01 00:00:00,1900-01-01 00:00:00,2007-01-16 00:00:00,1900-01-01 16:35:37,202,211,02011015000726,,,,,,1900-01-01 00:00:00,1900-01-01 00:00:00,1x20F,2007-01-04 00:00:00,0,,0,0,0,0,,0,,0,0,0,0,1900-01-01 00:00:00,,,3734,KGM,0,0,2007-01-03 00:00:00,0,,EMH0090-01,MARE HIBERNUM V.008N,3104,14.209,,,,
00,0701-00059-IS,0,2006-12-27 00:00:00,JCP-IS01,2007-01-03 00:00:00,META,00,Mr. Takeshi  Sugiyama / President,Q-KGM-49-0029,0,300,305, ,Domestic -Export clearance at Hitech EPZ,4,1,2,VZ2739,VZ2740,27436320,CD CHANGER,PH,PH,CEB,14,PLT,JPY,0,1900-01-01 00:00:00,CEBCW6018671,,,2801,,1900-01-01 00:00:00,1900-01-01 00:00:00,MEL,-,BANI BHUM,2006-12-16 00:00:00,2006-12-31 00:00:00,1900-01-01 00:00:00,,0,,1900-01-01 00:00:00,1900-01-01 00:00:00,,1900-01-01 00:00:00,1900-01-01 00:00:00,2007-01-18 00:00:00,1900-01-01 14:37:35,403,110,28010015000270,,,,NX,,1900-01-01 00:00:00,1900-01-01 00:00:00,1x40F,2007-01-05 00:00:00,0,,0,0,0,0,,0,,0,0,0,0,1900-01-01 00:00:00,,,5136,KGM,0,0,1900-01-01 00:00:00,0,,,-,0,23.660,,,,
00,0701-00060-ES,0,2007-01-04 00:00:00,JCP-04,2007-01-04 00:00:00,MELT/AMEC,00,MR.HITOSHI MIURA / MARKETING DIVISION DIRECTOR / E,Q-KGM-06-0070,0,300,407, ,Validity: Oct 1, 2006 until Mar 31, 2007,3,2,2,EXP-2466/06A,12109,ELEVATOR,BD,BD,CT,17,PKG,USD,0,2007-01-04 00:00:00,,,LCN91750,0201,,2007-01-04 00:00:00,2007-01-04 00:00:00,,NYK,ACX MIMOSA V.033W,2007-01-06 00:00:00,1900-01-01 00:00:00,1900-01-01 00:00:00,,0,,1900-01-01 00:00:00,1900-01-01 00:00:00,,1900-01-01 00:00:00,1900-01-01 00:00:00,2007-01-16 00:00:00,1900-01-01 16:37:24,202,211,02011015000725,,,,,,1900-01-01 00:00:00,1900-01-01 00:00:00,1x20F,2007-01-04 00:00:00,0,,0,0,0,0,,0,,0,0,0,0,1900-01-01 00:00:00,,,3752,KGM,0,0,2007-01-04 00:00:00,0,,EMH0089-01,MARE HIBERNUM V.008N,3122,14.263,,,,
00,0701-00061-ES,0,2007-01-04 00:00:00,JCP-04,2007-01-04 00:00:00,MELT/AMEC,00,MR.HITOSHI MIURA / MARKETING DIVISION DIRECTOR / E,Q-KGM-06-0070,0,300,407, ,Validity: Oct 1, 2006 until Mar 31, 2007,3,2,2,EXP-2468/06A,11834,ELEVATOR,BD,BD,CT,17,PKG,USD,0,2007-01-04 00:00:00,,,LCN91752,0201,,2007-01-04 00:00:00,2007-01-04 00:00:00,,NYK,ACX MIMOSA V.033W,2007-01-06 00:00:00,2007-01-15 00:00:00,1900-01-01 00:00:00,,0,,1900-01-01 00:00:00,1900-01-01 00:00:00,,1900-01-01 00:00:00,1900-01-01 00:00:00,2007-01-16 00:00:00,1900-01-01 16:33:46,202,211,02011015000727,,,,,,1900-01-01 00:00:00,1900-01-01 00:00:00,1x20F,2007-01-04 00:00:00,0,,0,0,0,0,,0,,0,0,0,0,1900-01-01 00:00:00,,,3702,KGM,0,0,2007-01-04 00:00:00,0,,EMH0091-01,MARE HIBERNUM V.008N,3072,14.177,,,,
00,0701-00062-ES,0,2007-01-04 00:00:00,JCP-04,2007-01-04 00:00:00,AFT,00,Mr. Hirohiko Esaki / Production Admin Manager,Q-KGM-49-0013,0,300,407, ,,3,2,2,AFTN-002/07,12747024,FROZEN PREPARED FOOD,JP,JP,NG,3294,BE,JPY,0,2007-01-04 00:00:00,KKLUTH0182932,TH0182932, TH0182933,0201,,2007-01-04 00:00:00,2007-01-04 00:00:00,,KLINE,FREMANTLE BRIDGE A137N,2007-01-07 00:00:00,2007-01-18 00:00:00,1900-01-01 00:00:00,,0,,1900-01-01 00:00:00,1900-01-01 00:00:00,,1900-01-01 00:00:00,1900-01-01 00:00:00,2007-01-12 00:00:00,1900-01-01 16:48:42,200,221,0201-10150-01977,,,,,,1900-01-01 00:00:00,1900-01-01 00:00:00,2x40HC,2007-01-04 00:00:00,0,,0,0,0,0,,0,,0,0,0,0,1900-01-01 00:00:00,,,29209.68,KGM,0,0,2007-01-04 00:00:00,0,,-,-,23244.84,107.82,,,,